<?xml version="1.0" encoding="UTF-8"?>
<beans xmlns="http://www.springframework.org/schema/beans"
	xmlns:xsi="http://www.w3.org/2001/XMLSchema-instance"
	xsi:schemaLocation="http://www.springframework.org/schema/beans http://www.springframework.org/schema/beans/spring-beans.xsd">


	<bean id="empbean" class="emp.Emp" autowire="byName">
	<property name="name" value="bhargavi"></property>
	<property name="id" value="12"></property>
	
	</bean>
	<bean id="d" class="emp.SalesDept"></bean>
	<bean id="bean1" class="emp.PurchaseDept" ></bean>


</beans>
