<?xml version="1.0" encoding="UTF-8"?>
<beans xmlns="http://www.springframework.org/schema/beans"
	xmlns:xsi="http://www.w3.org/2001/XMLSchema-instance"
	xsi:schemaLocation="http://www.springframework.org/schema/beans http://www.springframework.org/schema/beans/spring-beans.xsd">


	<bean id="bean1" class="com.sj.beans.Hellobean">
		<property name="msg" value="Hello world from spring"></property>
	</bean>
	
	<bean id="bean2" class="com.sj.beans.Hello2">
		<constructor-arg value="bhargavi"></constructor-arg>
	</bean>
</beans>
