<?xml version="1.0" encoding="UTF-8"?>

<beans xmlns="http://www.springframework.org/schema/beans"
	xmlns:xsi="http://www.w3.org/2001/XMLSchema-instance"
	xsi:schemaLocation="http://www.springframework.org/schema/beans http://www.springframework.org/schema/beans/spring-beans.xsd">
	

	
	
	<bean id="calA" class="com.sj.CalcA"></bean>
	<bean id="calB" class="com.sj.CalcB"></bean>
	<bean id="user1" class="com.sj.User">
	<property name="n1" value="2"></property>
	<property name="n2" value="6"></property>
	<property name="c" ref="calA"></property>
	</bean>
</beans>